ui_region,ui_region_name,kto_content_type_id,kto_content_type_name,ui_category,place_count,pet_known_count,pet_known_pct,snapshot_sha256,design_version
jeju_city,제주시,38,쇼핑,spot,258,184,71.32,2b91c56fc7b5196bc828c9238081678ed31b26a21a318ac516580238a40ca35b,hank-place-field-audit-v1
jeju_city,제주시,39,음식점,food,192,0,0.0,2b91c56fc7b5196bc828c9238081678ed31b26a21a318ac516580238a40ca35b,hank-place-field-audit-v1
seogwipo,서귀포시,39,음식점,food,131,0,0.0,2b91c56fc7b5196bc828c9238081678ed31b26a21a318ac516580238a40ca35b,hank-place-field-audit-v1
seogwipo,서귀포시,12,관광지,spot,119,10,8.4,2b91c56fc7b5196bc828c9238081678ed31b26a21a318ac516580238a40ca35b,hank-place-field-audit-v1
jeju_city,제주시,12,관광지,spot,107,4,3.74,2b91c56fc7b5196bc828c9238081678ed31b26a21a318ac516580238a40ca35b,hank-place-field-audit-v1
seogwipo,서귀포시,32,숙박,stay,82,2,2.44,2b91c56fc7b5196bc828c9238081678ed31b26a21a318ac516580238a40ca35b,hank-place-field-audit-v1
jeju_city,제주시,39,음식점,cafe,54,1,1.85,2b91c56fc7b5196bc828c9238081678ed31b26a21a318ac516580238a40ca35b,hank-place-field-audit-v1
west,서부 (애월),12,관광지,spot,52,2,3.85,2b91c56fc7b5196bc828c9238081678ed31b26a21a318ac516580238a40ca35b,hank-place-field-audit-v1
east,동부 (구좌),12,관광지,spot,50,8,16.0,2b91c56fc7b5196bc828c9238081678ed31b26a21a318ac516580238a40ca35b,hank-place-field-audit-v1
seogwipo,서귀포시,38,쇼핑,spot,50,34,68.0,2b91c56fc7b5196bc828c9238081678ed31b26a21a318ac516580238a40ca35b,hank-place-field-audit-v1
west,서부 (애월),39,음식점,food,44,0,0.0,2b91c56fc7b5196bc828c9238081678ed31b26a21a318ac516580238a40ca35b,hank-place-field-audit-v1
east,동부 (조천),12,관광지,spot,43,3,6.98,2b91c56fc7b5196bc828c9238081678ed31b26a21a318ac516580238a40ca35b,hank-place-field-audit-v1
seogwipo,서귀포시,39,음식점,cafe,43,0,0.0,2b91c56fc7b5196bc828c9238081678ed31b26a21a318ac516580238a40ca35b,hank-place-field-audit-v1
west,서부 (안덕),38,쇼핑,spot,42,37,88.1,2b91c56fc7b5196bc828c9238081678ed31b26a21a318ac516580238a40ca35b,hank-place-field-audit-v1
jeju_city,제주시,32,숙박,stay,41,0,0.0,2b91c56fc7b5196bc828c9238081678ed31b26a21a318ac516580238a40ca35b,hank-place-field-audit-v1
east,동부 (성산),12,관광지,spot,38,3,7.89,2b91c56fc7b5196bc828c9238081678ed31b26a21a318ac516580238a40ca35b,hank-place-field-audit-v1
west,서부 (안덕),12,관광지,spot,37,3,8.11,2b91c56fc7b5196bc828c9238081678ed31b26a21a318ac516580238a40ca35b,hank-place-field-audit-v1
seogwipo,서귀포시,28,레포츠,spot,36,0,0.0,2b91c56fc7b5196bc828c9238081678ed31b26a21a318ac516580238a40ca35b,hank-place-field-audit-v1
jeju_city,제주시,14,문화시설,spot,32,1,3.13,2b91c56fc7b5196bc828c9238081678ed31b26a21a318ac516580238a40ca35b,hank-place-field-audit-v1
west,서부 (한림),12,관광지,spot,31,2,6.45,2b91c56fc7b5196bc828c9238081678ed31b26a21a318ac516580238a40ca35b,hank-place-field-audit-v1
east,동부 (표선),12,관광지,spot,28,4,14.29,2b91c56fc7b5196bc828c9238081678ed31b26a21a318ac516580238a40ca35b,hank-place-field-audit-v1
east,동부 (성산),39,음식점,food,28,0,0.0,2b91c56fc7b5196bc828c9238081678ed31b26a21a318ac516580238a40ca35b,hank-place-field-audit-v1
west,서부 (한경),12,관광지,spot,28,2,7.14,2b91c56fc7b5196bc828c9238081678ed31b26a21a318ac516580238a40ca35b,hank-place-field-audit-v1
west,서부 (대정),12,관광지,spot,27,3,11.11,2b91c56fc7b5196bc828c9238081678ed31b26a21a318ac516580238a40ca35b,hank-place-field-audit-v1
east,동부 (구좌),39,음식점,food,26,0,0.0,2b91c56fc7b5196bc828c9238081678ed31b26a21a318ac516580238a40ca35b,hank-place-field-audit-v1
east,동부 (조천),39,음식점,food,25,0,0.0,2b91c56fc7b5196bc828c9238081678ed31b26a21a318ac516580238a40ca35b,hank-place-field-audit-v1
west,서부 (한림),39,음식점,food,23,0,0.0,2b91c56fc7b5196bc828c9238081678ed31b26a21a318ac516580238a40ca35b,hank-place-field-audit-v1
seogwipo,서귀포시,14,문화시설,spot,22,0,0.0,2b91c56fc7b5196bc828c9238081678ed31b26a21a318ac516580238a40ca35b,hank-place-field-audit-v1
east,동부 (구좌),39,음식점,cafe,21,0,0.0,2b91c56fc7b5196bc828c9238081678ed31b26a21a318ac516580238a40ca35b,hank-place-field-audit-v1
west,서부 (애월),32,숙박,stay,21,0,0.0,2b91c56fc7b5196bc828c9238081678ed31b26a21a318ac516580238a40ca35b,hank-place-field-audit-v1
east,동부 (조천),28,레포츠,spot,18,1,5.56,2b91c56fc7b5196bc828c9238081678ed31b26a21a318ac516580238a40ca35b,hank-place-field-audit-v1
west,서부 (애월),39,음식점,cafe,18,0,0.0,2b91c56fc7b5196bc828c9238081678ed31b26a21a318ac516580238a40ca35b,hank-place-field-audit-v1
east,동부 (성산),32,숙박,stay,17,0,0.0,2b91c56fc7b5196bc828c9238081678ed31b26a21a318ac516580238a40ca35b,hank-place-field-audit-v1
west,서부 (대정),39,음식점,food,17,0,0.0,2b91c56fc7b5196bc828c9238081678ed31b26a21a318ac516580238a40ca35b,hank-place-field-audit-v1
jeju_city,제주시,28,레포츠,spot,16,0,0.0,2b91c56fc7b5196bc828c9238081678ed31b26a21a318ac516580238a40ca35b,hank-place-field-audit-v1
west,서부 (애월),28,레포츠,spot,16,1,6.25,2b91c56fc7b5196bc828c9238081678ed31b26a21a318ac516580238a40ca35b,hank-place-field-audit-v1
west,서부 (안덕),32,숙박,stay,14,0,0.0,2b91c56fc7b5196bc828c9238081678ed31b26a21a318ac516580238a40ca35b,hank-place-field-audit-v1
west,서부 (안덕),39,음식점,food,14,0,0.0,2b91c56fc7b5196bc828c9238081678ed31b26a21a318ac516580238a40ca35b,hank-place-field-audit-v1
east,동부 (표선),39,음식점,food,12,0,0.0,2b91c56fc7b5196bc828c9238081678ed31b26a21a318ac516580238a40ca35b,hank-place-field-audit-v1
west,서부 (애월),38,쇼핑,spot,11,7,63.64,2b91c56fc7b5196bc828c9238081678ed31b26a21a318ac516580238a40ca35b,hank-place-field-audit-v1
east,동부 (성산),28,레포츠,spot,10,0,0.0,2b91c56fc7b5196bc828c9238081678ed31b26a21a318ac516580238a40ca35b,hank-place-field-audit-v1
east,동부 (구좌),38,쇼핑,spot,10,5,50.0,2b91c56fc7b5196bc828c9238081678ed31b26a21a318ac516580238a40ca35b,hank-place-field-audit-v1
west,서부 (한림),32,숙박,stay,10,0,0.0,2b91c56fc7b5196bc828c9238081678ed31b26a21a318ac516580238a40ca35b,hank-place-field-audit-v1
east,동부 (조천),14,문화시설,spot,9,1,11.11,2b91c56fc7b5196bc828c9238081678ed31b26a21a318ac516580238a40ca35b,hank-place-field-audit-v1
east,동부 (표선),28,레포츠,spot,9,0,0.0,2b91c56fc7b5196bc828c9238081678ed31b26a21a318ac516580238a40ca35b,hank-place-field-audit-v1
east,동부 (조천),32,숙박,stay,9,0,0.0,2b91c56fc7b5196bc828c9238081678ed31b26a21a318ac516580238a40ca35b,hank-place-field-audit-v1
east,동부 (조천),38,쇼핑,spot,9,5,55.56,2b91c56fc7b5196bc828c9238081678ed31b26a21a318ac516580238a40ca35b,hank-place-field-audit-v1
jeju_city,제주시,15,축제공연행사,spot,9,0,0.0,2b91c56fc7b5196bc828c9238081678ed31b26a21a318ac516580238a40ca35b,hank-place-field-audit-v1
seogwipo,서귀포시,15,축제공연행사,spot,9,0,0.0,2b91c56fc7b5196bc828c9238081678ed31b26a21a318ac516580238a40ca35b,hank-place-field-audit-v1
west,서부 (안덕),14,문화시설,spot,9,1,11.11,2b91c56fc7b5196bc828c9238081678ed31b26a21a318ac516580238a40ca35b,hank-place-field-audit-v1
west,서부 (한림),39,음식점,cafe,9,0,0.0,2b91c56fc7b5196bc828c9238081678ed31b26a21a318ac516580238a40ca35b,hank-place-field-audit-v1
west,서부 (한경),39,음식점,food,9,0,0.0,2b91c56fc7b5196bc828c9238081678ed31b26a21a318ac516580238a40ca35b,hank-place-field-audit-v1
east,동부 (성산),14,문화시설,spot,8,0,0.0,2b91c56fc7b5196bc828c9238081678ed31b26a21a318ac516580238a40ca35b,hank-place-field-audit-v1
east,동부 (구좌),28,레포츠,spot,8,1,12.5,2b91c56fc7b5196bc828c9238081678ed31b26a21a318ac516580238a40ca35b,hank-place-field-audit-v1
east,동부 (성산),39,음식점,cafe,8,0,0.0,2b91c56fc7b5196bc828c9238081678ed31b26a21a318ac516580238a40ca35b,hank-place-field-audit-v1
west,서부 (안덕),39,음식점,cafe,8,0,0.0,2b91c56fc7b5196bc828c9238081678ed31b26a21a318ac516580238a40ca35b,hank-place-field-audit-v1
east,동부 (표선),32,숙박,stay,7,0,0.0,2b91c56fc7b5196bc828c9238081678ed31b26a21a318ac516580238a40ca35b,hank-place-field-audit-v1
west,서부 (한경),28,레포츠,spot,7,0,0.0,2b91c56fc7b5196bc828c9238081678ed31b26a21a318ac516580238a40ca35b,hank-place-field-audit-v1
west,서부 (한림),28,레포츠,spot,7,0,0.0,2b91c56fc7b5196bc828c9238081678ed31b26a21a318ac516580238a40ca35b,hank-place-field-audit-v1
west,서부 (안덕),28,레포츠,spot,7,0,0.0,2b91c56fc7b5196bc828c9238081678ed31b26a21a318ac516580238a40ca35b,hank-place-field-audit-v1
east,동부 (구좌),32,숙박,stay,6,0,0.0,2b91c56fc7b5196bc828c9238081678ed31b26a21a318ac516580238a40ca35b,hank-place-field-audit-v1
west,서부 (대정),39,음식점,cafe,6,0,0.0,2b91c56fc7b5196bc828c9238081678ed31b26a21a318ac516580238a40ca35b,hank-place-field-audit-v1
east,동부 (표선),39,음식점,cafe,5,0,0.0,2b91c56fc7b5196bc828c9238081678ed31b26a21a318ac516580238a40ca35b,hank-place-field-audit-v1
east,동부 (조천),39,음식점,cafe,5,0,0.0,2b91c56fc7b5196bc828c9238081678ed31b26a21a318ac516580238a40ca35b,hank-place-field-audit-v1
west,서부 (한림),38,쇼핑,spot,5,2,40.0,2b91c56fc7b5196bc828c9238081678ed31b26a21a318ac516580238a40ca35b,hank-place-field-audit-v1
east,동부 (표선),14,문화시설,spot,4,1,25.0,2b91c56fc7b5196bc828c9238081678ed31b26a21a318ac516580238a40ca35b,hank-place-field-audit-v1
east,동부 (구좌),14,문화시설,spot,3,0,0.0,2b91c56fc7b5196bc828c9238081678ed31b26a21a318ac516580238a40ca35b,hank-place-field-audit-v1
east,동부 (조천),15,축제공연행사,spot,3,0,0.0,2b91c56fc7b5196bc828c9238081678ed31b26a21a318ac516580238a40ca35b,hank-place-field-audit-v1
east,동부 (성산),38,쇼핑,spot,3,1,33.33,2b91c56fc7b5196bc828c9238081678ed31b26a21a318ac516580238a40ca35b,hank-place-field-audit-v1
west,서부 (한경),14,문화시설,spot,3,0,0.0,2b91c56fc7b5196bc828c9238081678ed31b26a21a318ac516580238a40ca35b,hank-place-field-audit-v1
west,서부 (애월),14,문화시설,spot,3,0,0.0,2b91c56fc7b5196bc828c9238081678ed31b26a21a318ac516580238a40ca35b,hank-place-field-audit-v1
west,서부 (애월),15,축제공연행사,spot,3,0,0.0,2b91c56fc7b5196bc828c9238081678ed31b26a21a318ac516580238a40ca35b,hank-place-field-audit-v1
west,서부 (대정),28,레포츠,spot,3,0,0.0,2b91c56fc7b5196bc828c9238081678ed31b26a21a318ac516580238a40ca35b,hank-place-field-audit-v1
west,서부 (대정),38,쇼핑,spot,3,0,0.0,2b91c56fc7b5196bc828c9238081678ed31b26a21a318ac516580238a40ca35b,hank-place-field-audit-v1
west,서부 (한경),38,쇼핑,spot,3,1,33.33,2b91c56fc7b5196bc828c9238081678ed31b26a21a318ac516580238a40ca35b,hank-place-field-audit-v1
west,서부 (한경),39,음식점,cafe,3,0,0.0,2b91c56fc7b5196bc828c9238081678ed31b26a21a318ac516580238a40ca35b,hank-place-field-audit-v1
west,서부 (대정),14,문화시설,spot,2,0,0.0,2b91c56fc7b5196bc828c9238081678ed31b26a21a318ac516580238a40ca35b,hank-place-field-audit-v1
west,서부 (한림),14,문화시설,spot,2,0,0.0,2b91c56fc7b5196bc828c9238081678ed31b26a21a318ac516580238a40ca35b,hank-place-field-audit-v1
west,서부 (한경),32,숙박,stay,2,0,0.0,2b91c56fc7b5196bc828c9238081678ed31b26a21a318ac516580238a40ca35b,hank-place-field-audit-v1
east,동부 (표선),15,축제공연행사,spot,1,0,0.0,2b91c56fc7b5196bc828c9238081678ed31b26a21a318ac516580238a40ca35b,hank-place-field-audit-v1
east,동부 (표선),38,쇼핑,spot,1,0,0.0,2b91c56fc7b5196bc828c9238081678ed31b26a21a318ac516580238a40ca35b,hank-place-field-audit-v1
west,서부 (안덕),15,축제공연행사,spot,1,0,0.0,2b91c56fc7b5196bc828c9238081678ed31b26a21a318ac516580238a40ca35b,hank-place-field-audit-v1
west,서부 (대정),32,숙박,stay,1,0,0.0,2b91c56fc7b5196bc828c9238081678ed31b26a21a318ac516580238a40ca35b,hank-place-field-audit-v1
